TransactionId,TransactionDateTime,UserAlias,ItemId,ItemName,RaidEventId
2a581be2033d47d5a68a4700979ce690,10/14/2020 3:38:12 AM,Eface,21373,Stormcaller's Footguards,5891c08a00474de7ad6bc425105dc2c7
147ca8927c884a21835729de600c5735,10/14/2020 3:32:45 AM,Timestretch,20730,Formula: Enchant Gloves - Healing Power,5891c08a00474de7ad6bc425105dc2c7
6cd3174bdfc44a3ab247e6f48a93d00e,10/14/2020 3:31:50 AM,Jaydawg,21330,Conqueror's Spaulders,5891c08a00474de7ad6bc425105dc2c7
d0321fcf71c94cc69de15aca1d100bfe,10/14/2020 3:28:52 AM,Ganzu,21622,Sharpened Silithid Femur,5891c08a00474de7ad6bc425105dc2c7
7b473c275dbe444ea0100056c13487c2,10/14/2020 3:12:00 AM,Anarkon,21343,Enigma Robes,5891c08a00474de7ad6bc425105dc2c7
2a815c0c65b8465fbf3b063ca2523055,10/14/2020 3:10:34 AM,Lindo,21364,Deathdealer's Vest,5891c08a00474de7ad6bc425105dc2c7
bc9fbb174ef0462084aab6654211b1bc,10/14/2020 3:09:59 AM,Egrace,21582,Grasp of the Old God,5891c08a00474de7ad6bc425105dc2c7
80f4a077967e4796a97d59628e1eed06,10/14/2020 3:07:59 AM,Imoto,21221,Eye of C'Thun,5891c08a00474de7ad6bc425105dc2c7
f360b403c50a4fe39e96a12e3b9f6c84,10/14/2020 3:07:35 AM,Einstok,22731,Cloak of the Devoured,5891c08a00474de7ad6bc425105dc2c7
f48ed1b22ffd48aab293b13d74cef369,10/14/2020 2:50:24 AM,Fragrock,21375,Stormcaller's Leggings,5891c08a00474de7ad6bc425105dc2c7
d93ba02411af4f4e93901085b557768b,10/14/2020 2:48:50 AM,Lindo,21362,Deathdealer's Leggings,5891c08a00474de7ad6bc425105dc2c7
29c63af1a1df4c108911252fa22e7d4a,10/14/2020 1:57:02 AM,Tassedar,21347,Enigma Circlet,5891c08a00474de7ad6bc425105dc2c7
8e26131c2d934c01a8f1c1a3d41d3821,10/14/2020 1:56:24 AM,Damshaman,21609,Regenerating Belt of Vek'nilash,5891c08a00474de7ad6bc425105dc2c7
22bbcbda2f054220b4a5e8a86a735a47,10/14/2020 1:53:55 AM,Azar,21372,Stormcaller's Diadem,5891c08a00474de7ad6bc425105dc2c7
4cf6c4b702fc49d99b00ff06cfee02b9,10/14/2020 1:53:37 AM,Gintama,21602,Qiraji Execution Bracers,5891c08a00474de7ad6bc425105dc2c7
23c87810b6c54579be2d0c0b6c0037f8,10/14/2020 1:29:00 AM,Cantuna,21619,Gloves of the Messiah,5891c08a00474de7ad6bc425105dc2c7
4b49792ce53b498380c4483ffa18dd93,10/14/2020 1:25:00 AM,Lindstr√∂m,21359,Deathdealer's Boots,5891c08a00474de7ad6bc425105dc2c7
27c9e4cc56104d8b98711920dbd3b030,10/14/2020 1:19:58 AM,Tassedar,21345,Enigma Shoulderpads,5891c08a00474de7ad6bc425105dc2c7
5e4256f6489348868bd043bf7cc9935f,10/14/2020 1:03:55 AM,HighPriority,21647,Fetish of the Sand Reaver,5891c08a00474de7ad6bc425105dc2c7
8407b9fb610245e3b68566d33e03a6ef,10/14/2020 1:01:51 AM,Elkris,21664,Barbed Choker,5891c08a00474de7ad6bc425105dc2c7
50a47b965cfc41a897672472d757587b,10/14/2020 12:54:49 AM,Dethcide,21673,Silithid Claw,5891c08a00474de7ad6bc425105dc2c7
d4727564e75c431fb79b2a32d0fcaedc,10/14/2020 12:41:06 AM,Okuru,21689,Gloves of Ebru,5891c08a00474de7ad6bc425105dc2c7
6e0e9fe7ad8e40c6bd875aaa95c2e622,10/14/2020 12:40:53 AM,Egrace,21694,Ternary Mantle,5891c08a00474de7ad6bc425105dc2c7
991c8d5d7ecf4e0c8e32c7e1e5991b04,10/12/2020 3:30:55 AM,Banesoul,21335,Doomcaller's Mantle,0350f51d846b4890862ed99f3c4fd587
df4c60df7fa643a19cc0d51c815e94a9,10/12/2020 3:29:05 AM,Tgw,21349,Footwraps of the Oracle,0350f51d846b4890862ed99f3c4fd587
e8ec30ee7f2f409084d4dcc6a65d6fb2,10/12/2020 3:27:12 AM,Kyx,22399,Idol of Health,0350f51d846b4890862ed99f3c4fd587
d0b591e9aba0404a90ae85e153481986,10/12/2020 3:03:08 AM,Tgw,21694,Ternary Mantle,0350f51d846b4890862ed99f3c4fd587
49eebf4227ab48e3b3c020f35c8843d2,10/12/2020 3:01:35 AM,Kyx,21689,Gloves of Ebru,0350f51d846b4890862ed99f3c4fd587
1554032257aa44d4922e75a147d598c2,10/12/2020 2:23:03 AM,Lutcorehound,19002,Head of Nefarian,0350f51d846b4890862ed99f3c4fd587
bbfca486acc746ffbfd1d6b4bd64eb45,10/12/2020 2:21:36 AM,Minnfitten,16950,Breastplate of Ten Storms,0350f51d846b4890862ed99f3c4fd587
57b2a313fc99403c99524a2cda30da44,10/12/2020 2:21:21 AM,Dethcide,19377,Prestor's Talisman of Connivery,0350f51d846b4890862ed99f3c4fd587
14fdb14cd13c4d0881465b45177a0dc2,10/12/2020 2:19:24 AM,Okara,19381,Boots of the Shadow Flame,0350f51d846b4890862ed99f3c4fd587
fe6ec600d846428492ab0f2adcce425e,10/12/2020 2:07:42 AM,Lutcorehound,16961,Pauldrons of Wrath,0350f51d846b4890862ed99f3c4fd587
0fde90f879034d378773bfb67e26c80c,10/12/2020 2:07:28 AM,Tassedar,19388,Angelista's Grasp,0350f51d846b4890862ed99f3c4fd587
686ccbf3588c4b2687facdc32a3ed9fd,10/12/2020 2:00:51 AM,Rozebush,19433,Emberweave Leggings,0350f51d846b4890862ed99f3c4fd587
4b4992c6e2e94b8ea6693c64d79e5454,10/12/2020 1:57:20 AM,Cerrano,16928,Nemesis Gloves,0350f51d846b4890862ed99f3c4fd587
8a7ed7ce4f774dde8685d3a6a852fa46,10/12/2020 1:56:47 AM,Minnfitten,16948,Gauntlets of Ten Storms,0350f51d846b4890862ed99f3c4fd587
1b40ca4798aa47bdb176f3616aa450f3,10/12/2020 1:54:20 AM,Anarkon,19403,Band of Forced Concentration,0350f51d846b4890862ed99f3c4fd587
abc7cf9a834b4eff8c224beb980b588a,10/12/2020 1:28:05 AM,Shux,19365,Claw of the Black Drake,0350f51d846b4890862ed99f3c4fd587
4007b6aaa36c4678a21294a3201ec0f8,10/12/2020 1:11:31 AM,Maevae,16898,Stormrage Boots,0350f51d846b4890862ed99f3c4fd587
934ec4c7ca3e48c3ab8aafbe7819b8dd,10/12/2020 1:11:13 AM,Cerrano,16927,Nemesis Boots,0350f51d846b4890862ed99f3c4fd587
fac82ac73a5646b9accc250ec8631f61,10/12/2020 1:08:25 AM,Lutcorehound,19341,Lifegiving Gem,0350f51d846b4890862ed99f3c4fd587
5b2c694b09ed46329e7d0f66a75c3d6d,10/12/2020 12:47:58 AM,Tassedar,16818,Netherwind Belt,0350f51d846b4890862ed99f3c4fd587
3e457265ab9d4a5abad0fa8cd478d6a9,10/12/2020 12:47:40 AM,Milfhunter,16936,Dragonstalker's Belt,0350f51d846b4890862ed99f3c4fd587
5ba5b4bf57be40cba6b9d010e12807c1,10/12/2020 12:47:20 AM,Kyx,19340,Rune of Metamorphosis,0350f51d846b4890862ed99f3c4fd587
160eecacc59146528ea4f10da5492bb6,10/12/2020 12:38:43 AM,Anarkon,19370,Mantle of the Blackwing Cabal,0350f51d846b4890862ed99f3c4fd587
2ce3b4b8351b49c2bc98407ba5ea5561,10/7/2020 2:58:14 AM,Vesuva,18422,Head of Onyxia,9ec0ab6bd39c434ea322ed576c7ffb36
7f343e5d3bda476992d306cc0efd018b,10/7/2020 2:57:32 AM,Nazrapi,18813,Ring of Binding,9ec0ab6bd39c434ea322ed576c7ffb36
1cdafc726cc048febce064233a48e42b,10/7/2020 2:56:00 AM,Vesuva,18705,Mature Black Dragon Sinew,9ec0ab6bd39c434ea322ed576c7ffb36
76d55445322540758716c94ec2ef0186,10/7/2020 2:42:14 AM,Okara,21357,Genesis Vest,9ec0ab6bd39c434ea322ed576c7ffb36
dfbf997e7c8044ac97a200640031f44e,10/7/2020 2:40:02 AM,Eface,21372,Stormcaller's Diadem,9ec0ab6bd39c434ea322ed576c7ffb36
e664e199fd33467ebcf25c7b45965bfd,10/7/2020 2:35:25 AM,Baxterwar,21331,Conqueror's Breastplate,9ec0ab6bd39c434ea322ed576c7ffb36
f2158a866ae040aca60bcd87641181a8,10/7/2020 2:33:59 AM,Einstok,21221,Eye of C'Thun,9ec0ab6bd39c434ea322ed576c7ffb36
00d86e43bdac4d9b820e323c68d18c0b,10/7/2020 2:31:01 AM,Vesuva,21596,Ring of the Godslayer,9ec0ab6bd39c434ea322ed576c7ffb36
fc3f202793c04a5680ddb00cf62e1c63,10/7/2020 2:29:18 AM,Kyx,21839,Scepter of the False Prophet,9ec0ab6bd39c434ea322ed576c7ffb36
76cb8f03e220417b842711be96ea4d52,10/7/2020 2:16:26 AM,Tassedar,21346,Enigma Leggings,9ec0ab6bd39c434ea322ed576c7ffb36
330ed11dbbc44d788f80430ffd01dc3a,10/7/2020 2:14:09 AM,Damshaman,21375,Stormcaller's Leggings,9ec0ab6bd39c434ea322ed576c7ffb36
96aa4215f27449c4a49060c8a67ade2e,10/7/2020 1:59:24 AM,Fragrock,21615,Don Rigoberto's Lost Hat,9ec0ab6bd39c434ea322ed576c7ffb36
a0cacae249714e238a382f4489af48e6,10/7/2020 1:44:02 AM,Sarck,21329,Conqueror's Crown,9ec0ab6bd39c434ea322ed576c7ffb36
10a133b251514c34a29740dfff7aa7f5,10/7/2020 1:31:40 AM,Vesuva,21599,Vek'lor's Gloves of Devastation,9ec0ab6bd39c434ea322ed576c7ffb36
ef0cda2084434ce8b989ed32373c9645,10/7/2020 1:29:31 AM,Damshaman,21619,Gloves of the Messiah,9ec0ab6bd39c434ea322ed576c7ffb36
2889b8bf9bd446e1b8b842cdf7fc0c41,10/7/2020 1:26:18 AM,Medea,21608,Amulet of Vek'nilash,9ec0ab6bd39c434ea322ed576c7ffb36
4b05d437b752476fab8bc5aec58441c1,10/7/2020 1:24:04 AM,MooMooMoo,20736,Formula: Enchant Cloak - Dodge,9ec0ab6bd39c434ea322ed576c7ffb36
8ad438904c004a3db07a453edc785920,10/7/2020 1:23:46 AM,Lindo,21359,Deathdealer's Boots,9ec0ab6bd39c434ea322ed576c7ffb36
4f2bb734df1646eb8640c9851b6fa607,10/7/2020 1:06:40 AM,Okuru,21373,Stormcaller's Footguards,9ec0ab6bd39c434ea322ed576c7ffb36
aafc320633114222aa01da3a3c5fb6a8,10/7/2020 1:00:38 AM,HighPriority,21639,Pauldrons of the Unrelenting,9ec0ab6bd39c434ea322ed576c7ffb36
84756c96c41b494d9287377b3943f069,10/7/2020 12:47:08 AM,Nazrapi,21664,Barbed Choker,9ec0ab6bd39c434ea322ed576c7ffb36
9fa273207c3440faa602a52e85dc04fb,10/7/2020 12:40:51 AM,Cantuna,21648,Recomposed Boots,9ec0ab6bd39c434ea322ed576c7ffb36
b80d96868797499a970aa4b387b95e85,10/7/2020 12:28:05 AM,MooMooMoo,20727,Formula: Enchant Gloves - Shadow Power,9ec0ab6bd39c434ea322ed576c7ffb36
450ee4cf38204004afeea3198ee5cfcc,10/7/2020 12:26:18 AM,Kryptek,21700,Pendant of the Qiraji Guardian,9ec0ab6bd39c434ea322ed576c7ffb36
e372c1750dc54269a4f7a84562d5b802,10/7/2020 12:25:26 AM,Nazrapi,21706,Boots of the Unwavering Will,9ec0ab6bd39c434ea322ed576c7ffb36
7783684f9c9a490e8316dddf87192edb,10/5/2020 3:19:21 AM,Eface,17064,Shard of the Scale,fb7259273a1349ff81709454500cc34c
0377ec35f95b4feca39010f7ec294e7e,10/5/2020 2:50:55 AM,Gettincash,16942,Dragonstalker's Breastplate,fb7259273a1349ff81709454500cc34c
fc3385cf82dd4ca6ab5d2d983230385a,10/5/2020 2:50:44 AM,Shux,19002,Head of Nefarian,fb7259273a1349ff81709454500cc34c
247698326d1e4134ab55fb08f4c60df4,10/5/2020 2:48:59 AM,Banesoul,19356,Staff of the Shadow Flame,fb7259273a1349ff81709454500cc34c
8f7f089d62b5423382f8f1cef8e25b4d,10/5/2020 2:47:58 AM,Tunacan,19360,Lok'amir il Romathis,fb7259273a1349ff81709454500cc34c
a8b7f4e86b8b4f7c91f60da9f2719001,10/5/2020 2:38:16 AM,HighPriority,16961,Pauldrons of Wrath,fb7259273a1349ff81709454500cc34c
3af3403b25a84d138d4ce465239d4e2a,10/5/2020 2:38:00 AM,Minnfitten,19391,Shimmering Geta,fb7259273a1349ff81709454500cc34c
98580f665d934569a78ca6cb6e029db0,10/5/2020 2:37:45 AM,Rozebush,19352,Chromatically Tempered Sword,fb7259273a1349ff81709454500cc34c
cf709606505b45a8a5df92e1cb9d3209,10/5/2020 2:28:23 AM,Nazrapi,19394,Drake Talon Pauldrons,fb7259273a1349ff81709454500cc34c
a4e8a916fb82400cb04a628af1c9607a,10/5/2020 2:28:03 AM,Okuru,19430,Shroud of Pure Thought,fb7259273a1349ff81709454500cc34c
69f209b4e05147ba9bc61bf1129c64a2,10/5/2020 2:18:11 AM,Tennply,16964,Gauntlets of Wrath,fb7259273a1349ff81709454500cc34c
5318504c906c4e12ab9263a9f45aab89,10/5/2020 2:17:47 AM,Tgw,19345,Aegis of Preservation,fb7259273a1349ff81709454500cc34c
58768a20950c47028f5022178d3c7fb1,10/5/2020 1:56:03 AM,Minnfitten,19397,Ring of Blackrock,fb7259273a1349ff81709454500cc34c
bfbc9b4ab07241a3a26093e46d2b1c52,10/5/2020 1:55:05 AM,Vesuva,19398,Cloak of Firemaw,fb7259273a1349ff81709454500cc34c
58c062cc17314ec0a79ddbdd212b6328,10/5/2020 1:44:40 AM,Shoc,19373,Black Brood Pauldrons,fb7259273a1349ff81709454500cc34c
d900f6f314b64a198c75864fed56c7e2,10/5/2020 1:40:38 AM,Pigment,16912,Netherwind Boots,fb7259273a1349ff81709454500cc34c
5ebd3f146a534afcaf49d28f9b0980f7,10/5/2020 1:23:13 AM,Pigment,16918,Netherwind Bindings,fb7259273a1349ff81709454500cc34c
bb2d3be749fb4a57a5015e18d870b41d,10/5/2020 1:22:46 AM,Pigment,16818,Netherwind Belt,fb7259273a1349ff81709454500cc34c
6530799138584c52b24b756da5e45deb,10/5/2020 1:20:26 AM,Vesuva,19346,Dragonfang Blade,fb7259273a1349ff81709454500cc34c
70190298e52c40f4a0a7a41d5e0df07b,10/5/2020 1:13:56 AM,Shoc,16943,Bracers of Ten Storms,fb7259273a1349ff81709454500cc34c
d941d3d545fd4ed3849079c415df2658,10/5/2020 1:12:24 AM,Tennply,19334,The Untamed Blade,fb7259273a1349ff81709454500cc34c
b5b8f8c73d334f05992978ad1a0f03b1,10/5/2020 12:52:43 AM,MooMooMoo,21344,Enigma Boots,fb7259273a1349ff81709454500cc34c
fcb4742d0b1d4ec287c93f386f92e30f,10/5/2020 12:51:28 AM,Arkadus,21359,Deathdealer's Boots,fb7259273a1349ff81709454500cc34c
24f001c893644d97a31106b89bfdb04b,10/5/2020 12:49:49 AM,Damshaman,21624,Gauntlets of Kalimdor,fb7259273a1349ff81709454500cc34c
16d7135a10a14e34aa9860cfdbe5541e,10/5/2020 12:49:26 AM,MooMooMoo,20729,Formula: Enchant Gloves - Fire Power,fb7259273a1349ff81709454500cc34c
040fcc66167a48739f7a494cac99215d,10/5/2020 12:24:57 AM,Damshaman,21681,Ring of the Devoured,fb7259273a1349ff81709454500cc34c
2b3e294337b7466db3a4537f1024b80f,10/5/2020 12:24:20 AM,Kryptek,21695,Angelista's Touch,fb7259273a1349ff81709454500cc34c
5936e2adea4c4e19a5d1a4aeefa86f82,9/30/2020 3:41:54 AM,Blazemaster,21351,Vestments of the Oracle,f781c38f19cd46a8a5615be0c2db070f
ed3702adb4a04a799dcf1a4185ec7318,9/30/2020 3:41:25 AM,Phanon,21331,Conqueror's Breastplate,f781c38f19cd46a8a5615be0c2db070f
bee7099562ae47bc95477f23cc5e2d0d,9/30/2020 3:40:49 AM,MooMooMoo,21221,Eye of C'Thun,f781c38f19cd46a8a5615be0c2db070f
7c8f5c4ce8e444f89f15312e5b19f745,9/30/2020 3:37:49 AM,Medea,22730,Eyestalk Waist Cord,f781c38f19cd46a8a5615be0c2db070f
0eeb388bdbd744dabd120b68b4f03823,9/30/2020 3:37:00 AM,Cantuna,22732,Mark of C'Thun,f781c38f19cd46a8a5615be0c2db070f
39db95f467564f8f8544d83e5f2b6026,9/30/2020 3:20:37 AM,Azar,21610,Wormscale Blocker,f781c38f19cd46a8a5615be0c2db070f
b80ae66694a94cc68172f51874b563c4,9/30/2020 3:20:21 AM,Gettincash,21368,Striker's Leggings,f781c38f19cd46a8a5615be0c2db070f
186852d10df245be8b0c38b199e8be0f,9/30/2020 3:19:17 AM,Arkadus,21362,Deathdealer's Leggings,f781c38f19cd46a8a5615be0c2db070f
e5292183c59740a699d2745c71062e09,9/30/2020 2:13:37 AM,Elkris,21360,Deathdealer's Helm,f781c38f19cd46a8a5615be0c2db070f
42650e6d1af1478fba014a7377c3122e,9/30/2020 2:13:09 AM,Phanon,21602,Qiraji Execution Bracers,f781c38f19cd46a8a5615be0c2db070f
25418fc9f3744880bb71b49960c26d14,9/30/2020 2:12:34 AM,Blazemaster,21348,Tiara of the Oracle,f781c38f19cd46a8a5615be0c2db070f
7ec71529d65d451c8dcb813e18b485a4,9/30/2020 1:07:35 AM,Okuru,21376,Stormcaller's Pauldrons,f781c38f19cd46a8a5615be0c2db070f
e5c7cd72603447b394ee49e7be9a3a6a,9/30/2020 1:06:28 AM,Okara,21617,Wasphide Gauntlets,f781c38f19cd46a8a5615be0c2db070f
083944e0c69544eabe60a25165045aef,9/30/2020 12:51:21 AM,Kryptek,21664,Barbed Choker,f781c38f19cd46a8a5615be0c2db070f
3fb8df6ce2134361ac2c17f4f436245e,9/30/2020 12:43:32 AM,Kryptek,21674,Gauntlets of Steadfast Determination,f781c38f19cd46a8a5615be0c2db070f
36d5cb1cb0d24ed5afd6e00172592260,9/30/2020 12:28:06 AM,Tunacan,21698,Leggings of Immersion,f781c38f19cd46a8a5615be0c2db070f
2c52e39d7f6d4e4eae20af80dae0237d,9/28/2020 3:43:17 AM,Baxtermage,17078,Sapphiron Drape,ec9c894a2e2e43d0b50da640592c024a
cfc7017622924be68264c81243e3fc74,9/28/2020 3:42:18 AM,Evann,18422,Head of Onyxia,ec9c894a2e2e43d0b50da640592c024a
ab60d10ff3ac426482d19278ed2e80a7,9/28/2020 3:39:14 AM,Triqueta,17064,Shard of the Scale,ec9c894a2e2e43d0b50da640592c024a
a43b0fe30f674c37a7f7a6b9476b3aee,9/28/2020 3:10:18 AM,Maevae,19002,Head of Nefarian,ec9c894a2e2e43d0b50da640592c024a
a8c03b73ce5644ff91b1afc1aea43411,9/28/2020 3:08:51 AM,Timestretch,19378,Cloak of the Brood Lord,ec9c894a2e2e43d0b50da640592c024a
63e1eb987940447698833f4986353f1f,9/28/2020 3:08:31 AM,Tassedar,16916,Netherwind Robes,ec9c894a2e2e43d0b50da640592c024a
bdcf2babca2d4f62bbc09e1e4f7b74e3,9/28/2020 3:08:03 AM,Shoc,16950,Breastplate of Ten Storms,ec9c894a2e2e43d0b50da640592c024a
f11ab3f147674dbaa003df43c7431f54,9/28/2020 2:56:25 AM,Milfhunter,16937,Dragonstalker's Spaulders,ec9c894a2e2e43d0b50da640592c024a
b209da907f3344abbf669dd3c6013d96,9/28/2020 2:55:53 AM,Eface,19385,Empowered Leggings,ec9c894a2e2e43d0b50da640592c024a
e16d7447f1f64e08b61fbce016105885,9/28/2020 2:54:38 AM,Cerrano,16932,Nemesis Spaulders,ec9c894a2e2e43d0b50da640592c024a
a3ae87fd3f53457c896395b96532fd9d,9/28/2020 2:48:41 AM,Okiri,16899,Stormrage Handguards,ec9c894a2e2e43d0b50da640592c024a
984d753f55334f9f9e6c32231f991a99,9/28/2020 2:46:18 AM,Lutcorehound,16964,Gauntlets of Wrath,ec9c894a2e2e43d0b50da640592c024a
8ad050157ae045098e5a350ba337540f,9/28/2020 2:43:22 AM,Lutcorehound,19431,Styleen's Impeding Scarab,ec9c894a2e2e43d0b50da640592c024a
a5acabc2861b461e908d1038e07b7984,9/28/2020 2:40:14 AM,Kryptek,19406,Drake Fang Talisman,ec9c894a2e2e43d0b50da640592c024a
f25e4b3f2f6440ccbb35f2b68a1f675a,9/28/2020 2:17:12 AM,Jaydawg,19394,Drake Talon Pauldrons,ec9c894a2e2e43d0b50da640592c024a
fe1b6de15b334ce2a8151deccc703039,9/28/2020 2:16:28 AM,Maevae,19398,Cloak of Firemaw,ec9c894a2e2e43d0b50da640592c024a
a90b21cd35714d9087971f6b54e6910d,9/28/2020 2:02:08 AM,Nazrapi,16965,Sabatons of Wrath,ec9c894a2e2e43d0b50da640592c024a
6adea83251f042aa9e6b329dbd2a8f6a,9/28/2020 2:01:50 AM,Blazemaster,16919,Boots of Transcendence,ec9c894a2e2e43d0b50da640592c024a
83a3e9cb54a6484cb9d6933eed8847cc,9/28/2020 1:45:38 AM,Arkadus,19346,Dragonfang Blade,ec9c894a2e2e43d0b50da640592c024a
3df743704374424e8499551e416509a1,9/28/2020 1:45:23 AM,Cerrano,16933,Nemesis Belt,ec9c894a2e2e43d0b50da640592c024a
56e1b6043deb416ab5704db5325d034c,9/28/2020 1:43:33 AM,Eface,16944,Belt of Ten Storms,ec9c894a2e2e43d0b50da640592c024a
87fa03c890a14943924689c76012b97a,9/28/2020 1:15:11 AM,Minnfitten,16943,Bracers of Ten Storms,ec9c894a2e2e43d0b50da640592c024a
1d82f8374bf14a61a272cedc1fd26137,9/28/2020 1:15:06 AM,Cerrano,19337,The Black Book,ec9c894a2e2e43d0b50da640592c024a
d4127cc22b3c496cbe0969425801d31c,9/28/2020 1:14:33 AM,Tassedar,16918,Netherwind Bindings,ec9c894a2e2e43d0b50da640592c024a
55591c9b03ae40e6949b16e44299757c,9/28/2020 12:52:20 AM,Okara,22399,Idol of Health,ec9c894a2e2e43d0b50da640592c024a
38008051fd2f45c698bc0bdc8d11f872,9/28/2020 12:51:30 AM,Gintama,21359,Deathdealer's Boots,ec9c894a2e2e43d0b50da640592c024a
b80fdabb961743a5bd95cb8c1af3fe13,9/28/2020 12:31:14 AM,Blazemaster,21694,Ternary Mantle,ec9c894a2e2e43d0b50da640592c024a
76120750617043a797460ce1af023092,9/28/2020 12:29:41 AM,Einstok,21603,Wand of Qiraji Nobility,ec9c894a2e2e43d0b50da640592c024a
2881774312664f1898cae9009982b8ef,9/27/2020 11:59:03 PM,Sarck,21332,Conqueror's Legguards,ec9c894a2e2e43d0b50da640592c024a
bae39b5f6bb840dfab6aa76e1e67eaaa,9/23/2020 3:39:24 AM,Tassedar,21343,Enigma Robes,6c4e825aa96f448a895ceb0395513f91
bab502eefc2346b09ba78ce9ca1740ef,9/23/2020 3:37:42 AM,Gintama,21364,Deathdealer's Vest,6c4e825aa96f448a895ceb0395513f91
2dca2bcc2a004069bbdaa70266bf4a89,9/23/2020 3:36:36 AM,Okara,21221,Eye of C'Thun,6c4e825aa96f448a895ceb0395513f91
a79e78e6cb9f4724b7b0f45de388a7bf,9/23/2020 3:35:18 AM,Falmora,21582,Grasp of the Old God,6c4e825aa96f448a895ceb0395513f91
4ed4d34c0051481b9c42b20b6e741dbc,9/23/2020 3:34:40 AM,Thatnameisun,22730,Eyestalk Waist Cord,6c4e825aa96f448a895ceb0395513f91
2009e4afec374043833299b68b6faeed,9/23/2020 2:42:12 AM,Okara,21356,Genesis Trousers,6c4e825aa96f448a895ceb0395513f91
99386ecb14b2496eb74114c6bab07b6f,9/23/2020 2:40:10 AM,Tassedar,21611,Burrower Bracers,6c4e825aa96f448a895ceb0395513f91
f2ba381446ce446c866fa87c449ef20a,9/23/2020 1:45:40 AM,Banesoul,21337,Doomcaller's Circlet,6c4e825aa96f448a895ceb0395513f91
2c33ae61a5b24eafb1591077ae1dce18,9/23/2020 1:43:55 AM,Lindo,21360,Deathdealer's Helm,6c4e825aa96f448a895ceb0395513f91
ed857ad73dce4ef99184448881b42e2f,9/23/2020 1:42:59 AM,Eface,21609,Regenerating Belt of Vek'nilash,6c4e825aa96f448a895ceb0395513f91
5341b1e2136442b5999b00c38357afb4,9/23/2020 1:19:02 AM,Azar,21373,Stormcaller's Footguards,6c4e825aa96f448a895ceb0395513f91
309c2b5a4de94927abe412c7ad105360,9/23/2020 1:14:31 AM,Lindo,21361,Deathdealer's Spaulders,6c4e825aa96f448a895ceb0395513f91
09de0c0be7f7468792fa67975c6c303e,9/23/2020 1:11:53 AM,Falmora,21619,Gloves of the Messiah,6c4e825aa96f448a895ceb0395513f91
70d9fba65fb44f99bf8c3c00981b4e01,9/23/2020 1:05:17 AM,Cantuna,20727,Formula: Enchant Gloves - Shadow Power,6c4e825aa96f448a895ceb0395513f91
3cb616ba98df49938546a689f6cf15f3,9/23/2020 1:04:49 AM,Cantuna,20729,Formula: Enchant Gloves - Fire Power,6c4e825aa96f448a895ceb0395513f91
052d770a58044ea697bcb0f518af3d56,9/23/2020 12:52:18 AM,HighPriority,21652,Silithid Carapace Chestguard,6c4e825aa96f448a895ceb0395513f91
b7947b477319458f8362397d5a257764,9/23/2020 12:51:50 AM,Dethcide,21635,Barb of the Sand Reaver,6c4e825aa96f448a895ceb0395513f91
bc1a276d34334076a9172f9433eb88a4,9/23/2020 12:51:16 AM,Okara,21675,Thick Qirajihide Belt,6c4e825aa96f448a895ceb0395513f91
7543338205c14f9d9f9bee60b71f4a0a,9/23/2020 12:33:45 AM,Feelingz,21707,Ring of Swarming Thought,6c4e825aa96f448a895ceb0395513f91
dada187b398048ac8ba5bb7ce995d6f0,9/23/2020 12:28:33 AM,Gettincash,21702,Amulet of Foul Warding,6c4e825aa96f448a895ceb0395513f91
9a402a89713a4b7e9683f91692159937,9/21/2020 3:33:05 AM,Okiri,18422,Head of Onyxia,cc3a16c242364bc3a3852f2b31fdf150
086e94cf82f44d4e8ae45dcf414df1e2,9/21/2020 3:07:33 AM,Sanghelli,21688,Boots of the Fallen Hero,cc3a16c242364bc3a3852f2b31fdf150
a088ea0fb4304ea6b430d25419a29e16,9/21/2020 3:06:49 AM,Cantuna,21693,Guise of the Devourer,cc3a16c242364bc3a3852f2b31fdf150
9a67657ef3d34db8b90d11cdc6157f26,9/21/2020 1:38:27 AM,Tgw,21351,Vestments of the Oracle,cc3a16c242364bc3a3852f2b31fdf150
ee76d60b6bb245a19d26d49225ef064b,9/21/2020 1:37:25 AM,Sarck,21331,Conqueror's Breastplate,cc3a16c242364bc3a3852f2b31fdf150
acbdd60f87d64e4bb2f80a69838c8316,9/21/2020 1:37:10 AM,Egrace,21583,Cloak of Clarity,cc3a16c242364bc3a3852f2b31fdf150
8eb410b5aea44824b406153db8da435e,9/21/2020 1:35:18 AM,Feelingz,21221,Eye of C'Thun,cc3a16c242364bc3a3852f2b31fdf150
aefcaa38e45c495d8925bfef853464d4,9/21/2020 1:34:44 AM,Suc,21586,Belt of Never-ending Agony,cc3a16c242364bc3a3852f2b31fdf150
c7bd30dd1a10471384ed662502d84ab6,9/21/2020 1:12:04 AM,Banesoul,21336,Doomcaller's Trousers,cc3a16c242364bc3a3852f2b31fdf150
284e01a9a121413caf9ed4f0de21e54b,9/21/2020 1:11:14 AM,Sanghelli,21332,Conqueror's Legguards,cc3a16c242364bc3a3852f2b31fdf150
d9a0a1f24f4d4260a12d66d3beed9495,9/21/2020 1:11:01 AM,Dethcide,23570,Jom Gabbar,cc3a16c242364bc3a3852f2b31fdf150
2f8e652f9cc549cea0f233f9672bb979,9/16/2020 3:09:07 AM,HighPriority,21329,Conqueror's Crown,3916f3bd3329438fbf37a636924cdbbe
fd25b2921e354eccb753b611fc8fa0d0,9/16/2020 3:07:15 AM,Einstok,21608,Amulet of Vek'nilash,3916f3bd3329438fbf37a636924cdbbe
47da4c8ced234279bcc47c1e3fb0f918,9/16/2020 3:06:55 AM,Cantuna,21353,Genesis Helm,3916f3bd3329438fbf37a636924cdbbe
1b48f053b36148b28c751226b810a6cc,9/16/2020 3:06:27 AM,Medea,21597,Royal Scepter of Vek'lor,3916f3bd3329438fbf37a636924cdbbe
9db667b03fda4675831259596144c1f0,9/16/2020 3:05:45 AM,Timestretch,20735,Formula: Enchant Cloak - Subtlety,3916f3bd3329438fbf37a636924cdbbe
3421f9f485544e4d874f8ed86887d94a,9/16/2020 1:42:44 AM,Lindo,21616,Huhuran's Stinger,3916f3bd3329438fbf37a636924cdbbe
fe80200f44754ed7a164f57fc83e4944,9/16/2020 1:40:36 AM,Ganzu,21335,Doomcaller's Mantle,3916f3bd3329438fbf37a636924cdbbe
63498344d8394602a0d9974907153f63,9/16/2020 1:39:53 AM,Phanon,21330,Conqueror's Spaulders,3916f3bd3329438fbf37a636924cdbbe
ac7239693d744b2791192c7900ad4bd7,9/16/2020 1:38:32 AM,Timestretch,20731,Formula: Enchant Gloves - Superior Agility,3916f3bd3329438fbf37a636924cdbbe
9802719d1cc84dd8a649d5e54d1c1598,9/16/2020 1:01:29 AM,Sanghelli,21652,Silithid Carapace Chestguard,3916f3bd3329438fbf37a636924cdbbe
3e59a015494c4e7197a7f11073693385,9/16/2020 12:55:02 AM,Kyx,21669,Creeping Vine Helm,3916f3bd3329438fbf37a636924cdbbe
fa3f7f1730fe4695b3bbdf01277ab0a0,9/16/2020 12:53:29 AM,Timestretch,21676,Leggings of the Festering Swarm,3916f3bd3329438fbf37a636924cdbbe
1440e574afef416295a0667caa309657,9/16/2020 12:38:43 AM,Damshaman,21707,Ring of Swarming Thought,3916f3bd3329438fbf37a636924cdbbe
dd39fa748591472dbf89b18b00ea3bfb,9/16/2020 12:35:41 AM,Cantuna,21700,Pendant of the Qiraji Guardian,3916f3bd3329438fbf37a636924cdbbe
16b08dc1d28546d3b4f51460ba777449,9/14/2020 3:49:24 AM,Naxxwrath,16950,Breastplate of Ten Storms,cdc57a59e7c24dbeac8e2483c3c0e866
0dfe48d90b3e49119d10041980643c19,9/14/2020 3:47:47 AM,Damshaman,16950,Breastplate of Ten Storms,cdc57a59e7c24dbeac8e2483c3c0e866
61ea384ea26c49fb966a9cc16ffee82c,9/14/2020 3:47:11 AM,Nazrapi,19002,Head of Nefarian,cdc57a59e7c24dbeac8e2483c3c0e866
97c6d0f87a5f4e4e9d2515b0d4f8ba3b,9/14/2020 3:45:40 AM,Timestretch,19379,Neltharion's Tear,cdc57a59e7c24dbeac8e2483c3c0e866
09ffe73fac16497089b65c696ea35f10,9/14/2020 3:44:55 AM,MooMooMoo,19375,"Mish'undare, Circlet of the Mind Flayer",cdc57a59e7c24dbeac8e2483c3c0e866
2431b3eb8f1e4f868b4c138665184cd3,9/14/2020 3:33:03 AM,Nazrapi,16961,Pauldrons of Wrath,cdc57a59e7c24dbeac8e2483c3c0e866
bd6703edaaf94d79a0713bbee2a30a12,9/14/2020 3:32:49 AM,Naxxwrath,19393,Primalist's Linked Waistguard,cdc57a59e7c24dbeac8e2483c3c0e866
7a6d52fa9a4f4b1380ea592e2f87d218,9/14/2020 3:04:48 AM,Naxxwrath,19357,Herald of Woe,cdc57a59e7c24dbeac8e2483c3c0e866
1ebd4959715742dd93659989b56aef1b,9/14/2020 3:01:48 AM,Cerio,19407,Ebony Flame Gloves,cdc57a59e7c24dbeac8e2483c3c0e866
9afa382a5c944fde88ed54ba2584ca34,9/14/2020 2:25:20 AM,Nazrapi,19398,Cloak of Firemaw,cdc57a59e7c24dbeac8e2483c3c0e866
769b3dbd66184214be4a57a8eca89843,9/14/2020 2:18:11 AM,Jaydawg,19341,Lifegiving Gem,cdc57a59e7c24dbeac8e2483c3c0e866
e06fc24a186845dfaee8f6be792c558c,9/14/2020 1:49:49 AM,Gettincash,16936,Dragonstalker's Belt,cdc57a59e7c24dbeac8e2483c3c0e866
83de5fdf26f74548bcd75d395da2fa9d,9/14/2020 1:49:26 AM,Succold,16818,Netherwind Belt,cdc57a59e7c24dbeac8e2483c3c0e866
36a0a92bf8b9457899c5539ce5d69e1e,9/14/2020 1:48:54 AM,Succold,19339,Mind Quickening Gem,cdc57a59e7c24dbeac8e2483c3c0e866
6708146f98e7452886cb91d9340a043c,9/14/2020 1:46:57 AM,Damshaman,16943,Bracers of Ten Storms,cdc57a59e7c24dbeac8e2483c3c0e866
c292966c1c2444318db53b5550d22c48,9/14/2020 1:42:45 AM,MooMooMoo,19370,Mantle of the Blackwing Cabal,cdc57a59e7c24dbeac8e2483c3c0e866
744969e8c73b4bc3ba7f62c5e0b3ae05,9/14/2020 1:27:23 AM,Ganzu,21221,Eye of C'Thun,cdc57a59e7c24dbeac8e2483c3c0e866
fd7080a6f03c48b896dd8d9aeaf988e6,9/14/2020 1:21:56 AM,Thatnameisun,21343,Enigma Robes,cdc57a59e7c24dbeac8e2483c3c0e866
f6d5e3c744c14c42b4976b9e3b90d92f,9/14/2020 1:18:06 AM,Dethcide,21370,Striker's Hauberk,cdc57a59e7c24dbeac8e2483c3c0e866
a33d2fd4807e42ed8691924cff4e47ce,9/14/2020 1:17:06 AM,Gettincash,21596,Ring of the Godslayer,cdc57a59e7c24dbeac8e2483c3c0e866
91b9c258c38744acb4025a6cd025222e,9/14/2020 1:16:14 AM,Tgw,21582,Grasp of the Old God,cdc57a59e7c24dbeac8e2483c3c0e866
6cc388d5e2c34ac6b6c46e460b63d12f,9/14/2020 12:36:53 AM,Azar,21375,Stormcaller's Leggings,cdc57a59e7c24dbeac8e2483c3c0e866
648f2f93c1b340f0aeed1afd3796f827,9/14/2020 12:36:22 AM,Elkris,21362,Deathdealer's Leggings,cdc57a59e7c24dbeac8e2483c3c0e866
c8070271da0f4a71bb3d4e4441a2ab95,9/14/2020 12:35:48 AM,MooMooMoo,21611,Burrower Bracers,cdc57a59e7c24dbeac8e2483c3c0e866
01dfb4dfa91f4b4a9ecc0006d0d61b4b,9/9/2020 2:25:05 AM,Rozebush,21329,Conqueror's Crown,9736942450d24203ac3e59be53cae1c8
617ec811df3c4311a5aea4dfaafe6c70,9/9/2020 2:24:19 AM,Thatnameisun,21608,Amulet of Vek'nilash,9736942450d24203ac3e59be53cae1c8
9b47b6181b13484e9b619b6c2b44dc3d,9/9/2020 2:23:18 AM,Gintama,21360,Deathdealer's Helm,9736942450d24203ac3e59be53cae1c8
2e969b162103401781e326ad01696ebd,9/9/2020 2:22:20 AM,Baxterwar,21601,Ring of Emperor Vek'lor,9736942450d24203ac3e59be53cae1c8
e1ce0e939d4549939de830ebaad105f1,9/9/2020 1:28:25 AM,Harrywatter,21344,Enigma Boots,9736942450d24203ac3e59be53cae1c8
4625eeabd0954e6d873a59aa69c9187b,9/9/2020 1:27:28 AM,Elkris,21361,Deathdealer's Spaulders,9736942450d24203ac3e59be53cae1c8
6e995c4c6c854c3b9551693d6293295d,9/9/2020 1:25:58 AM,Suc,21616,Huhuran's Stinger,9736942450d24203ac3e59be53cae1c8
31eb47ac897144f88a5120403513ef92,9/9/2020 1:10:16 AM,Arkadus,21650,Ancient Qiraji Ripper,9736942450d24203ac3e59be53cae1c8
55883e46f70b40bfa6fb8045395c9a67,9/9/2020 1:10:03 AM,Gettincash,21635,Barb of the Sand Reaver,9736942450d24203ac3e59be53cae1c8
5c339267907447b291bf9cdbe2313657,9/9/2020 1:01:51 AM,Tunacan,21669,Creeping Vine Helm,9736942450d24203ac3e59be53cae1c8
67741cca7c0945df8263134ecb84d0ec,9/9/2020 1:01:43 AM,HighPriority,21674,Gauntlets of Steadfast Determination,9736942450d24203ac3e59be53cae1c8
3761ef51777c4e87a9893c7ec34d8f49,9/9/2020 12:44:50 AM,Jaydawg,21688,Boots of the Fallen Hero,9736942450d24203ac3e59be53cae1c8
9bd4ddea2d32472c93d5e092782cea67,9/9/2020 12:44:14 AM,Okuru,21694,Ternary Mantle,9736942450d24203ac3e59be53cae1c8
24fd120c47ef48dc856c00ac3b035d5d,9/9/2020 12:31:47 AM,Baxterwar,22222,Plans: Thick Obsidian Breastplate,9736942450d24203ac3e59be53cae1c8
4bdbe9eb54b143e4be6f5b6a9fdfe883,9/9/2020 12:31:35 AM,Azar,21699,Barrage Shoulders,9736942450d24203ac3e59be53cae1c8
1ea5a375de054d5ca9aee20fee83e88e,9/9/2020 12:31:21 AM,HighPriority,21706,Boots of the Unwavering Will,9736942450d24203ac3e59be53cae1c8
10a2d6e744e9446caf14e9091453c026,9/7/2020 3:12:20 AM,Egrace,19382,Pure Elementium Band,0c0c96b78dde4f9591518c6ab83d6073
f6253981e6914d6381e6d898366d5d86,9/7/2020 3:10:56 AM,Cansalmon,19002,Head of Nefarian,0c0c96b78dde4f9591518c6ab83d6073
bac5c23ac18b49628097ce6456f59c8d,9/7/2020 3:10:07 AM,Cansalmon,16923,Robes of Transcendence,0c0c96b78dde4f9591518c6ab83d6073
c54f387f461d43fbadd56f9f708c2831,9/7/2020 3:09:41 AM,Thiccdps,16905,Bloodfang Chestpiece,0c0c96b78dde4f9591518c6ab83d6073
e973a14979024519b6cb045c30898fed,9/7/2020 3:08:52 AM,Rozebush,19376,Archimtiros' Ring of Reckoning,0c0c96b78dde4f9591518c6ab83d6073
ea93439c2b7644f5a9d0bc815298486c,9/7/2020 2:57:01 AM,Azar,19389,Taut Dragonhide Shoulderpads,0c0c96b78dde4f9591518c6ab83d6073
9f30959c3a06403894a9902fd8a4a5bd,9/7/2020 2:55:45 AM,Medea,16932,Nemesis Spaulders,0c0c96b78dde4f9591518c6ab83d6073
159c6c18dda348d78f8ee526e7a9a3dc,9/7/2020 2:47:45 AM,Tgw,16920,Handguards of Transcendence,0c0c96b78dde4f9591518c6ab83d6073
af05e531f01c4ab4b3960a43bebb85f5,9/7/2020 2:47:04 AM,Cerio,19430,Shroud of Pure Thought,0c0c96b78dde4f9591518c6ab83d6073
00e5dfb71e844aa4b13cf2cb239e60f2,9/7/2020 2:42:12 AM,Tunacan,19405,Malfurion's Blessed Bulwark,0c0c96b78dde4f9591518c6ab83d6073
2de7f9e29cb24303b1d4709a5de4f3d4,9/7/2020 2:17:08 AM,Azar,19398,Cloak of Firemaw,0c0c96b78dde4f9591518c6ab83d6073
28146fcd0ffb4e2cb1769e6754a273f8,9/7/2020 2:16:17 AM,Lindo,16907,Bloodfang Gloves,0c0c96b78dde4f9591518c6ab83d6073
579db239c08044579b4f70a9910c99e0,9/7/2020 2:08:28 AM,MooMooMoo,16912,Netherwind Boots,0c0c96b78dde4f9591518c6ab83d6073
833f361ec8a64c16a24cf640afc80904,9/7/2020 2:08:12 AM,Lutcorehound,16965,Sabatons of Wrath,0c0c96b78dde4f9591518c6ab83d6073
ff34ac6a77d64312be406227e14f0fa8,9/7/2020 2:06:45 AM,Azar,19374,Bracers of Arcane Accuracy,0c0c96b78dde4f9591518c6ab83d6073
57bd882a1baf48729598708720ed600b,9/7/2020 1:48:14 AM,Lutcorehound,16960,Waistband of Wrath,0c0c96b78dde4f9591518c6ab83d6073
b81ffddc6d5a42969f194c7dad261223,9/7/2020 1:46:25 AM,Bowl,19346,Dragonfang Blade,0c0c96b78dde4f9591518c6ab83d6073
8ca31f79234a4bc6ade40f84b5ee1bca,9/7/2020 1:38:27 AM,Cansalmon,16926,Bindings of Transcendence,0c0c96b78dde4f9591518c6ab83d6073
f71f2b9241aa4d17b7b6c1ec8ccea32a,9/7/2020 12:51:17 AM,Cantuna,21357,Genesis Vest,0c0c96b78dde4f9591518c6ab83d6073
7d062b377f114e45b2387692128b8c05,9/7/2020 12:49:57 AM,Elkris,21364,Deathdealer's Vest,0c0c96b78dde4f9591518c6ab83d6073
cb33682346424d95bcb16c0e3263e600,9/7/2020 12:49:17 AM,Gattyice,21221,Eye of C'Thun,0c0c96b78dde4f9591518c6ab83d6073
01a5a0b44e72428db3e2ea5d2d637493,9/7/2020 12:48:25 AM,Azar,21582,Grasp of the Old God,0c0c96b78dde4f9591518c6ab83d6073
099a820e24874d2d9f1674d09b775250,9/7/2020 12:47:12 AM,Lindo,21126,Death's Sting,0c0c96b78dde4f9591518c6ab83d6073
eaea3848f12b434f85e772f7c0ac1060,9/7/2020 12:25:34 AM,Timestretch,21696,Robes of the Triumvirate,0c0c96b78dde4f9591518c6ab83d6073
1998cc3d278a4d89bad44cd38f8f7c96,9/7/2020 12:25:00 AM,Phanon,21691,Ooze-ridden Gauntlets,0c0c96b78dde4f9591518c6ab83d6073
1af14e25823b4eb6a6eb2ea4a7249373,9/2/2020 3:02:37 AM,Eface,21375,Stormcaller's Leggings,b0f5018ebebf42d4842d6188d25fc092
83d7acff56574c3ab33eefa52dd490ed,9/2/2020 3:02:35 AM,Gintama,21362,Deathdealer's Leggings,b0f5018ebebf42d4842d6188d25fc092
905b8a5963ae42989180904c5df38b6d,9/2/2020 3:00:54 AM,Arkadus,23570,Jom Gabbar,b0f5018ebebf42d4842d6188d25fc092
a5a08bfd9ab44f22a5b6b73e860c7c7a,9/2/2020 1:57:35 AM,Okuru,21600,Boots of Epiphany,b0f5018ebebf42d4842d6188d25fc092
e8ff256bf1274d3c88b60de26fa54147,9/2/2020 1:57:12 AM,Suc,21360,Deathdealer's Helm,b0f5018ebebf42d4842d6188d25fc092
ea0b53ab2dcb4b1cb8b3be3ecbd6f928,9/2/2020 1:56:13 AM,Ganzu,21337,Doomcaller's Circlet,b0f5018ebebf42d4842d6188d25fc092
c9b2199da1164b5ea5404b3481a89786,9/2/2020 1:55:38 AM,Okuru,21609,Regenerating Belt of Vek'nilash,b0f5018ebebf42d4842d6188d25fc092
9334fc195abd4376a12e86f37edac4aa,9/2/2020 1:54:47 AM,Okuru,21275,Blessed Qiraji Augur Staff,b0f5018ebebf42d4842d6188d25fc092
78a5f2ad06f0499aab2cc370552c9c00,9/2/2020 1:23:57 AM,Medea,21335,Doomcaller's Mantle,b0f5018ebebf42d4842d6188d25fc092
37bb9bfdbcf14562896c2c519ae22f5e,9/2/2020 1:22:53 AM,Feelingz,21620,Ring of the Martyr,b0f5018ebebf42d4842d6188d25fc092
98e055d2c66e43ca8b3c6a2f09428110,9/2/2020 1:21:28 AM,Suc,21361,Deathdealer's Spaulders,b0f5018ebebf42d4842d6188d25fc092
18ea2e4252774b90b33d70b5bc4f5c3e,9/2/2020 12:59:50 AM,Ganzu,21627,Cloak of Untold Secrets,b0f5018ebebf42d4842d6188d25fc092
720943736a344a528f8a4bc955f06e13,9/2/2020 12:58:08 AM,Gintama,21650,Ancient Qiraji Ripper,b0f5018ebebf42d4842d6188d25fc092
04165f3e6bf24f8ab6895bd95fbdc811,9/2/2020 12:50:55 AM,Eface,21668,Scaled Leggings of Qiraji Fury,b0f5018ebebf42d4842d6188d25fc092
a7b0aa5648f44bfebbf2693b1193b3d0,9/2/2020 12:50:42 AM,Imoto,21673,Silithid Claw,b0f5018ebebf42d4842d6188d25fc092
d500bdc545af4018820a76566c618e39,9/2/2020 12:47:02 AM,Sanghelli,21242,Blessed Qiraji War Axe,b0f5018ebebf42d4842d6188d25fc092
0a4ff2640e974c95a084c93d01fe0eb5,9/2/2020 12:27:21 AM,Rozebush,21700,Pendant of the Qiraji Guardian,b0f5018ebebf42d4842d6188d25fc092
6ee4ae9423d54422b27f6bbaa0e9a54d,8/31/2020 3:14:50 AM,Quidproquo,18422,Head of Onyxia,05ac7e9011dc4b55af63d62a828f2209
cfbb483b6e674f28aec6ee8210ae489c,8/31/2020 3:13:54 AM,Succold,16914,Netherwind Crown,05ac7e9011dc4b55af63d62a828f2209
cf3b2a81274941dfa2ee61819d3464e5,8/31/2020 1:35:16 AM,Falmora,21579,Vanquished Tentacle of C'Thun,05ac7e9011dc4b55af63d62a828f2209
4dc3a003fc2d424e9cfd04b85ed1d0d6,8/31/2020 1:33:19 AM,Dethcide,21596,Ring of the Godslayer,05ac7e9011dc4b55af63d62a828f2209
59dc5d00068d47ca8fb4b7f5151e180e,8/31/2020 1:30:29 AM,Doublecup,21581,Gauntlets of Annihilation,05ac7e9011dc4b55af63d62a828f2209
b371e583e93d4bad90a83996b7406b57,8/31/2020 1:30:06 AM,Einstok,21343,Enigma Robes,05ac7e9011dc4b55af63d62a828f2209
b13fcf7dd3734974b568f179807d53cb,8/31/2020 1:29:18 AM,Rozebush,21331,Conqueror's Breastplate,05ac7e9011dc4b55af63d62a828f2209
b7086b80eaf741f4a4343747d7a88ea3,8/31/2020 1:28:44 AM,Kyx,21221,Eye of C'Thun,05ac7e9011dc4b55af63d62a828f2209
31e4bad56296440a8d5907195cb8e19f,8/31/2020 12:44:38 AM,Okuru,21375,Stormcaller's Leggings,05ac7e9011dc4b55af63d62a828f2209
d99c2790a58f4570b5eef713ae5516e5,8/31/2020 12:43:52 AM,Baxterwar,21332,Conqueror's Legguards,05ac7e9011dc4b55af63d62a828f2209
b4eac35a848142b4b44c0129a58da5ba,8/31/2020 12:42:22 AM,Rift,23557,Larvae of the Great Worm,05ac7e9011dc4b55af63d62a828f2209
545263bd62b04389a3289831695f56cc,8/31/2020 12:26:11 AM,Arkadus,21696,Robes of the Triumvirate,05ac7e9011dc4b55af63d62a828f2209
c146fe3ea9a9400c91f3aabe55547220,8/31/2020 12:25:17 AM,Rift,21688,Boots of the Fallen Hero,05ac7e9011dc4b55af63d62a828f2209
0274a3b027684731b6a30284f0097dfb,8/26/2020 2:41:11 AM,Cantuna,20735,Formula: Enchant Cloak - Subtlety,a84215658e6f48f08334a8cd927c77f1
f78857c9208544a28abce8bb0d2cbf5b,8/26/2020 2:40:21 AM,Baxterwar,21598,Royal Qiraji Belt,a84215658e6f48f08334a8cd927c77f1
8f8760e405994090baff4907b4fd4a27,8/26/2020 2:39:54 AM,Baxterwar,21329,Conqueror's Crown,a84215658e6f48f08334a8cd927c77f1
c4918b69f83748e59d7d43cdff515315,8/26/2020 2:39:01 AM,Okuru,21372,Stormcaller's Diadem,a84215658e6f48f08334a8cd927c77f1
297b969d0e5c4f4aa11da5c993954366,8/26/2020 2:36:04 AM,Jaydawg,21679,Kalimdor's Revenge,a84215658e6f48f08334a8cd927c77f1
9299419066a34852ba654ee3de03ed68,8/26/2020 1:39:58 AM,Baxterwar,21621,Cloak of the Golden Hive,a84215658e6f48f08334a8cd927c77f1
f773e66cf71649d786a94274a8037da8,8/26/2020 1:30:30 AM,Thatnameisun,21344,Enigma Boots,a84215658e6f48f08334a8cd927c77f1
221467e843f44dafb798ace2a73c6baf,8/26/2020 1:27:50 AM,Cerio,21350,Mantle of the Oracle,a84215658e6f48f08334a8cd927c77f1
d63a95dbe1d64ccc97c660aaa3dab955,8/26/2020 1:04:31 AM,Bowl,21652,Silithid Carapace Chestguard,a84215658e6f48f08334a8cd927c77f1
6f088a543f2b464b8d77cea5ffe4d48f,8/26/2020 1:03:42 AM,Medea,21627,Cloak of Untold Secrets,a84215658e6f48f08334a8cd927c77f1
7b4afae67e4249a6a02ae6c9d4b0623e,8/26/2020 12:55:15 AM,Okuru,21668,Scaled Leggings of Qiraji Fury,a84215658e6f48f08334a8cd927c77f1
24eeafd426064938a6a5f957596d3a76,8/26/2020 12:54:15 AM,Harrywatter,21678,Necklace of Purity,a84215658e6f48f08334a8cd927c77f1
20095beb207841a699f1aaf81eb5a17f,8/26/2020 12:36:10 AM,Madara,21706,Boots of the Unwavering Will,a84215658e6f48f08334a8cd927c77f1
d4f1929da0ca4ab29f21978dc22c6b7f,8/26/2020 12:34:43 AM,Baxterwar,21700,Pendant of the Qiraji Guardian,a84215658e6f48f08334a8cd927c77f1
8132765f0ed34d18a71303b2544fad86,8/24/2020 2:42:53 AM,Imoto,23570,Jom Gabbar,a76a868437804ca99a1ea2f2f288de7e
978906d85e7e46ecaf7f47dca90cfed7,8/24/2020 2:41:00 AM,Cantuna,21356,Genesis Trousers,a76a868437804ca99a1ea2f2f288de7e
11fb040ee5e74ecaaa8622e5dd836f43,8/24/2020 2:39:28 AM,Rozebush,21332,Conqueror's Legguards,a76a868437804ca99a1ea2f2f288de7e
772e555114574a7d9433bef4fab78c9c,8/24/2020 12:26:31 AM,Okara,21275,Blessed Qiraji Augur Staff,a76a868437804ca99a1ea2f2f288de7e
10549528c3d84196b0c4373b32704353,8/24/2020 12:26:09 AM,Okuru,21697,Cape of the Trinity,a76a868437804ca99a1ea2f2f288de7e
8735c59926424bf6a4b9064aa57cde5a,8/24/2020 12:24:24 AM,Phanon,21688,Boots of the Fallen Hero,a76a868437804ca99a1ea2f2f288de7e
c63d54743b74448b9b5e0f55603adbae,8/19/2020 3:00:25 AM,Arkadus,21360,Deathdealer's Helm,7c1683781d094807b7dd6cd941ff56e6
22c8acfa24e442009abace50d5016a0e,8/19/2020 2:58:57 AM,Gettincash,21599,Vek'lor's Gloves of Devastation,7c1683781d094807b7dd6cd941ff56e6
96ce2786bcdd4920885fe579925ce1fd,8/19/2020 2:56:57 AM,Medea,21337,Doomcaller's Circlet,7c1683781d094807b7dd6cd941ff56e6
8cde1661b13f43199f0cd995d1bdd0a1,8/19/2020 2:55:37 AM,Lindo,21244,Blessed Qiraji Pugio,7c1683781d094807b7dd6cd941ff56e6
86431c6db2294da2931afb3fa4948dfa,8/19/2020 1:48:50 AM,Einstok,21345,Enigma Shoulderpads,7c1683781d094807b7dd6cd941ff56e6
bd8bc34231694b45b769110a5ea1af48,8/19/2020 1:23:33 AM,Azar,21619,Gloves of the Messiah,7c1683781d094807b7dd6cd941ff56e6
72178b3779bc4e09835d7d25881f666d,8/19/2020 1:01:24 AM,Cantuna,21665,Mantle of Wicked Revenge,7c1683781d094807b7dd6cd941ff56e6
514353f9791f4fabb5d95e1e2312366d,8/19/2020 1:00:50 AM,Sarck,21242,Blessed Qiraji War Axe,7c1683781d094807b7dd6cd941ff56e6
abd69990c139477db287f1d6ffd15fec,8/19/2020 12:50:28 AM,Einstok,21648,Recomposed Boots,7c1683781d094807b7dd6cd941ff56e6
bd6c2931c7ed4935b6f6c5bcb23f9ec3,8/19/2020 12:49:28 AM,Okuru,21671,Robes of the Battleguard,7c1683781d094807b7dd6cd941ff56e6
fb1309084b4748b1900616ce97bc42dc,8/19/2020 12:38:23 AM,Phanon,21708,Beetle Scaled Wristguards,7c1683781d094807b7dd6cd941ff56e6
0a1abdc308f4474595121c332d43430f,8/19/2020 12:30:44 AM,Okuru,21128,Staff of the Qiraji Prophets,7c1683781d094807b7dd6cd941ff56e6
65c5fae491dd4d68972884eedc73be24,8/12/2020 2:45:59 AM,Sanghelli,21651,Scaled Sand Reaver Leggings,ee8e7e347e814f2c90ff76702a35bc37
faf078a15ee547aba2cd47022840fef7,8/12/2020 2:08:55 AM,Sanghelli,21618,Hive Defiler Wristguards,ee8e7e347e814f2c90ff76702a35bc37
2518ff3eaf2e47728d2e4379b20b4c7f,8/12/2020 2:06:32 AM,Fragrock,21373,Stormcaller's Footguards,ee8e7e347e814f2c90ff76702a35bc37
bb58237a14aa42489a79e35b3703402d,8/12/2020 2:03:23 AM,Baxterwar,21333,Conqueror's Greaves,ee8e7e347e814f2c90ff76702a35bc37
fd435fe9017f447687c476577f863535,8/12/2020 2:02:29 AM,Baxterwar,20928,Qiraji Bindings of Command,ee8e7e347e814f2c90ff76702a35bc37
528b84094a0744618ecbc3b255936dcf,8/12/2020 1:30:10 AM,Medea,21647,Fetish of the Sand Reaver,ee8e7e347e814f2c90ff76702a35bc37
1a9c79cd79044c07a4ec2cef5f65453f,8/12/2020 1:29:50 AM,Okuru,21651,Scaled Sand Reaver Leggings,ee8e7e347e814f2c90ff76702a35bc37
4bd5e6a726284da18b8c1d8c91fd6cd3,8/12/2020 1:26:37 AM,Cantuna,21237,Imperial Qiraji Regalia,ee8e7e347e814f2c90ff76702a35bc37
a1aeeb3beee84f73b7dadda4dc66a117,8/12/2020 1:12:12 AM,Cantuna,21675,Thick Qirajihide Belt,ee8e7e347e814f2c90ff76702a35bc37
edae6eb4a8c542058190ac3dc4291da2,8/12/2020 1:11:16 AM,Cantuna,21672,Gloves of Enforcement,ee8e7e347e814f2c90ff76702a35bc37
f338c9cf663c49be8183bbfab1186fab,8/12/2020 12:58:27 AM,Falmora,21694,Ternary Mantle,ee8e7e347e814f2c90ff76702a35bc37
2c3d57dc832c420fa1d8c64cc3e2e537,8/12/2020 12:54:01 AM,Okara,21689,Gloves of Ebru,ee8e7e347e814f2c90ff76702a35bc37
909a627877704b2dbffc8d5c5300a571,8/12/2020 12:53:32 AM,Cerio,21694,Ternary Mantle,ee8e7e347e814f2c90ff76702a35bc37
1752f94db6c249ddb4cc7f59187c2eb7,8/12/2020 12:52:59 AM,Fragrock,21689,Gloves of Ebru,ee8e7e347e814f2c90ff76702a35bc37
519abd8729c2457d89e4c1789171184e,8/12/2020 12:52:23 AM,Rozebush,21702,Amulet of Foul Warding,ee8e7e347e814f2c90ff76702a35bc37
ab8f5dfe3658483fa3ced1adf8db2b94,8/12/2020 12:34:40 AM,Madara,21814,Breastplate of Annihilation,ee8e7e347e814f2c90ff76702a35bc37
d370a618c86e44a28eeeda1fcc363bd2,8/5/2020 3:17:46 AM,Phanon,19002,Head of Nefarian,98e41ac62b51450cb406018cbc6001bb
2e37bc114fc24272a6061c09ae464ba4,8/5/2020 3:15:30 AM,Falmora,16923,Robes of Transcendence,98e41ac62b51450cb406018cbc6001bb
85d1e07f211148d89e43fbc904923a45,8/5/2020 3:14:54 AM,Baxterwar,19376,Archimtiros' Ring of Reckoning,98e41ac62b51450cb406018cbc6001bb
d238c18123ad43d5836f7b18ad31cf74,8/5/2020 3:14:16 AM,Phanon,19364,"Ashkandi, Greatsword of the Brotherhood",98e41ac62b51450cb406018cbc6001bb
4b89152a717b4ac59f600293cb3e9529,8/5/2020 3:03:00 AM,Okara,19388,Angelista's Grasp,98e41ac62b51450cb406018cbc6001bb
e8d2f51f90d3493b9c34c924bb5374a9,8/5/2020 3:01:31 AM,Harrywatter,19347,Claw of Chromaggus,98e41ac62b51450cb406018cbc6001bb
08ec1b01ebf543e9bf9478db9cf54557,8/5/2020 2:52:41 AM,Ganzu,16928,Nemesis Gloves,98e41ac62b51450cb406018cbc6001bb
49e30473523d44089fc15f84d5b9f4f2,8/5/2020 2:52:29 AM,Falmora,19430,Shroud of Pure Thought,98e41ac62b51450cb406018cbc6001bb
494d677f792a49c48b107ca97ed5d7a9,8/5/2020 2:50:26 AM,Okuru,19397,Ring of Blackrock,98e41ac62b51450cb406018cbc6001bb
3db85a8d0a824b8783b93a14b2ed8f0b,8/5/2020 2:27:12 AM,Elkris,19398,Cloak of Firemaw,98e41ac62b51450cb406018cbc6001bb
381cdb0b820647daba21de862c903280,8/5/2020 2:19:38 AM,Gettincash,16941,Dragonstalker's Greaves,98e41ac62b51450cb406018cbc6001bb
51a3ad4f7001426cad9ccb8b7293e959,8/5/2020 2:19:13 AM,Axalt,19351,"Maladath, Runed Blade of the Black Flight",98e41ac62b51450cb406018cbc6001bb
5cffe1a17c714d928f935bc3448e1040,8/5/2020 1:58:33 AM,Harrywatter,16818,Netherwind Belt,98e41ac62b51450cb406018cbc6001bb
4e5ecdcb3f934db6a9a669634e19781a,8/5/2020 1:53:13 AM,Baxterwar,16959,Bracelets of Wrath,98e41ac62b51450cb406018cbc6001bb
b6a381483f9246569fb59dd40791f0b5,8/5/2020 1:42:36 AM,Feelingz,16922,Leggings of Transcendence,98e41ac62b51450cb406018cbc6001bb
183946094a0c4acfb23d07ae4b220a61,8/5/2020 1:40:29 AM,Harrywatter,16915,Netherwind Pants,98e41ac62b51450cb406018cbc6001bb
09a11c3cfebf4345b0899d741136f5ac,8/5/2020 1:38:12 AM,Einstok,18814,Choker of the Fire Lord,98e41ac62b51450cb406018cbc6001bb
8e374af79bea4efa95beaa37fa37ba48,8/5/2020 1:34:56 AM,Damshaman,17106,Malistar's Defender,98e41ac62b51450cb406018cbc6001bb
aae25fca46834252aef188d9bdea0bf7,8/5/2020 1:26:19 AM,Phanon,18812,Wristguards of True Flight,98e41ac62b51450cb406018cbc6001bb
c70fc688570e48bbb61e0698dc9744a7,8/5/2020 1:22:08 AM,Cansalmon,16815,Robes of Prophecy,98e41ac62b51450cb406018cbc6001bb
4d3c875f6723471ab6eb2cb346bf9826,8/5/2020 1:20:02 AM,Jaydawg,17072,Blastershot Launcher,98e41ac62b51450cb406018cbc6001bb
2af348edac8f4d00990453237e019543,8/5/2020 1:15:00 AM,Lutcorehound,16868,Pauldrons of Might,98e41ac62b51450cb406018cbc6001bb
99952fe2bf9f4860bc72cbb4ee2b6e31,8/5/2020 1:14:48 AM,Gettincash,16848,Giantstalker's Epaulets,98e41ac62b51450cb406018cbc6001bb
955736b6173e43a188d1b0243454d095,8/5/2020 1:01:21 AM,Dethcide,16852,Giantstalker's Gloves,98e41ac62b51450cb406018cbc6001bb
e0de6dae4e9a4245bb64ffb1af9b6879,8/5/2020 12:57:05 AM,Feelingz,17110,Seal of the Archmagus,98e41ac62b51450cb406018cbc6001bb
3718cb1eaec546658bfb4609aef2ffdc,8/5/2020 12:56:37 AM,Lutcorehound,18822,Obsidian Edged Blade,98e41ac62b51450cb406018cbc6001bb
16bfec0298514b548e5c19e6f1b6b5db,8/5/2020 12:55:45 AM,Damshaman,16844,Earthfury Epaulets,98e41ac62b51450cb406018cbc6001bb
8a78c2a2ba90435ba9fc5c8960e30c87,8/5/2020 12:49:26 AM,Jaydawg,18822,Obsidian Edged Blade,98e41ac62b51450cb406018cbc6001bb
c4440789cbeb444da6d87f8553ad7c89,8/5/2020 12:47:12 AM,Dethcide,16846,Giantstalker's Helmet,98e41ac62b51450cb406018cbc6001bb
27200dac7e55433990ebe1f0e86f5b5f,8/5/2020 12:38:09 AM,Damshaman,16839,Earthfury Gauntlets,98e41ac62b51450cb406018cbc6001bb
75c04ceb60d84622887fef55388efd37,8/5/2020 12:37:58 AM,Gettincash,16849,Giantstalker's Boots,98e41ac62b51450cb406018cbc6001bb
50c5e256f6144d19ba83d937a0bf2844,8/5/2020 12:31:54 AM,Lutcorehound,16867,Legplates of Might,98e41ac62b51450cb406018cbc6001bb
9344ca4a5aea4d658b5b5bec36b68ba8,8/5/2020 12:31:36 AM,Phanon,19143,Flameguard Gauntlets,98e41ac62b51450cb406018cbc6001bb
f0ef4a46b91e4b37b9a049265251592d,8/5/2020 12:31:05 AM,Rozebush,17069,Striker's Mark,98e41ac62b51450cb406018cbc6001bb
e4ec9452fbe941e9843782b34a9ec066,8/5/2020 12:28:22 AM,Lutcorehound,16863,Gauntlets of Might,98e41ac62b51450cb406018cbc6001bb
7559407335654ad7af35b052ea78c380,8/5/2020 12:26:39 AM,Damshaman,16837,Earthfury Boots,98e41ac62b51450cb406018cbc6001bb
